<?xml version="1.0" encoding="UTF-8"?>
<project-private xmlns="http://www.netbeans.org/ns/project-private/1">
    <editor-bookmarks xmlns="http://www.netbeans.org/ns/editor-bookmarks/2" lastBookmarkId="0"/>
    <open-files xmlns="http://www.netbeans.org/ns/projectui-open-files/2">
        <group>
            <file>file:/D:/SEMESTER%205/PBO%202/practices/Praktikum_Java/Application/src/application/FrameAnggota.java</file>
            <file>file:/D:/SEMESTER%205/PBO%202/practices/Praktikum_Java/Application/src/application/Application.java</file>
            <file>file:/D:/SEMESTER%205/PBO%202/practices/Praktikum_Java/Application/src/application/ConfigDB.java</file>
            <file>file:/D:/SEMESTER%205/PBO%202/practices/Praktikum_Java/Application/src/application/FrameFilm.java</file>
            <file>file:/D:/SEMESTER%205/PBO%202/practices/Praktikum_Java/Application/reportFilm.jrxml</file>
            <file>file:/D:/SEMESTER%205/PBO%202/practices/Praktikum_Java/Application/src/praktikum/reportFilm.jrxml</file>
        </group>
    </open-files>
</project-private>
